"","stat","pval","tf","pval.adjusted","rank"
"MA0139.1",-20.1987956206155,1.00334194675415e-90,"CTCF",1.49698618455719e-88,1
"MA0765.2",-16.9889367639331,9.91873726874522e-65,"ETV5",4.11076555693552e-63,2
"MA1483.1",-16.9081700480293,3.91749288039707e-64,"ELF2",1.53813141514538e-62,3
"MA0506.1",-16.7766367379758,3.61812829384912e-63,"NRF1",1.22687441236884e-61,4
"MA0076.2",-16.625131470226,4.58436117856138e-62,"ELK4",1.48692758226382e-60,5
"MA0028.2",-16.3169730591682,7.47635584444331e-60,"ELK1",2.23094458398188e-58,6
"MA0750.2",-16.1480490737476,1.17229380705712e-58,"ZBTB7A",3.36358146178697e-57,7
"MA0641.1",-16.1096342090072,2.18346668594226e-58,"ELF4",6.03283758412194e-57,8
"MA0137.3",-16.0534901377131,5.40466837799854e-58,"STAT1",1.39030434827135e-56,9
"MA1516.1",-14.7281713280275,4.25114908093603e-49,"KLF3",8.1316851650725e-48,10
"MA0519.1",-14.1479717054777,1.92249191406182e-45,"Stat5a::Stat5b",3.25949765429572e-44,11
"MA0759.1",-13.8826770852171,8.06848536623365e-44,"ELK3",1.28065746451283e-42,12
"MA1624.1",-13.5289219531075,1.05574684776329e-41,"Stat5a",1.64080655923211e-40,13
"MA0645.1",-13.4789745822135,2.08005238624289e-41,"ETV6",3.10343816027439e-40,14
"MA0763.1",-13.4758626091169,2.1696445681362e-41,"ETV3",3.17363695652863e-40,15
"MA0518.1",-13.3610755046017,1.02092223726148e-40,"Stat4",1.43699620565483e-39,16
"MA0740.1",-13.067163564584,5.07283558171187e-39,"KLF14",6.88060971628555e-38,17
"MA0156.2",-13.029383537934,8.32886564816327e-39,"FEV",1.10952388813032e-37,18
"MA0742.1",-12.6904727003713,6.67899636555207e-37,"Klf12",7.90877982333626e-36,19
"MA1102.2",-12.6231297770701,1.57457284995948e-36,"CTCFL",1.80712514779965e-35,20
"MA0475.2",-12.6075253293255,1.91949525877094e-36,"FLI1",2.16961130764109e-35,21
"MA0079.4",-12.4960053218842,7.85074257606694e-36,"SP1",8.61272641433226e-35,22
"MA1625.1",-12.3324576336888,6.05782302601742e-35,"Stat5b",6.36498024987183e-34,23
"MA0095.2",-12.0044554706338,3.3671320232892e-33,"YY1",3.34917398583165e-32,24
"MA1418.1",-11.9143452857601,9.96577735475627e-33,"IRF3",9.53137167518997e-32,25
"MA1513.1",-11.7140311574899,1.08031576282029e-31,"KLF15",9.82823852516992e-31,26
"MA0493.1",-11.6140036070931,3.4988350396781e-31,"Klf1",3.07074228188219e-30,27
"MA0164.1",-10.9671514607123,5.49833722926244e-28,"Nr2e3",4.50742810223053e-27,28
"MA0657.1",-10.9022346266281,1.12473160235521e-27,"KLF13",8.92606143996798e-27,29
"MA0098.3",-10.7952961091955,3.62332177614545e-27,"ETS1",2.81562296354636e-26,30
"MA1484.1",-10.6590801933371,1.58170789301281e-26,"ETS2",1.20403478386486e-25,31
"MA1650.1",-10.6144026577017,2.55449988230546e-26,"ZBTB14",1.92490597191907e-25,32
"MA1515.1",-10.5873591432638,3.41114701550899e-26,"KLF2",2.54471567356971e-25,33
"MA0474.2",-10.5037337152734,8.30384160254012e-26,"ERG",5.84402437310842e-25,34
"MA0136.2",-10.4255215354377,1.8963611195171e-25,"ELF5",1.28607763196342e-24,35
"MA1517.1",-10.4115070391959,2.1973839261995e-25,"KLF6",1.47680036841876e-24,36
"MA1564.1",-10.2614018681431,1.05179499594674e-24,"SP9",6.94370855731208e-24,37
"MA0685.1",-10.0203750979192,1.24043725170216e-23,"SP4",8.11724727868258e-23,38
"MA0746.2",-9.8998913691238,4.16768640227414e-23,"SP3",2.70356004877957e-22,39
"MA0144.2",-9.58462796412868,9.28004245983784e-22,"STAT3",5.76909306253252e-21,40
"MA1573.1",-9.48482712654464,2.42808426837015e-21,"THAP11",1.48471382311814e-20,41
"MA0507.1",-9.20596186590867,3.38656674522618e-20,"POU2F2",2.00506253328471e-19,42
"MA1563.1",-9.16235653648361,5.07811031693451e-20,"SOX18",2.98288999719145e-19,43
"MA0760.1",-9.09784762372815,9.21481344468075e-20,"ERF",5.28788525363988e-19,44
"MA1638.1",-9.04461738240978,1.50204175952152e-19,"HAND2",8.42498610979741e-19,45
"MA0666.1",-9.00083000255592,2.24040615022089e-19,"MSX1",1.21995838544875e-18,46
"MA0708.1",-9.00083000255592,2.24040615022089e-19,"MSX2",1.21995838544875e-18,47
"MA0709.1",-9.00083000255592,2.24040615022089e-19,"Msx3",1.21995838544875e-18,48
"MA0876.1",-9.00083000255592,2.24040615022089e-19,"BSX",1.21995838544875e-18,49
"MA0752.1",-8.88863334814202,6.18711461121503e-19,"ZNF410",3.29684821426172e-18,50
"MA0751.1",-8.7311120443662,2.52202895068093e-18,"ZIC4",1.3249532374704e-17,51
"MA1487.1",-8.57574074237566,9.84596995468696e-18,"FOXE1",5.03088601794279e-17,52
"MA0652.1",-8.502791518847,1.85101455228421e-17,"IRF8",9.20571237336011e-17,53
"MA1143.1",-8.50170303136891,1.86845444752983e-17,"FOSL1::JUND(var.2)",9.23090740302815e-17,54
"MA0633.1",-8.45465294223578,2.79945149064615e-17,"Twist2",1.35609792988444e-16,55
"MA0696.1",-8.37879182723895,5.34782759132919e-17,"ZIC1",2.5738576665365e-16,56
"MA1127.1",-8.37434872458515,5.55348206572823e-17,"FOSB::JUN",2.65570360322645e-16,57
"MA0162.4",-8.33071481058574,8.03624087704013e-17,"EGR1",3.79432638877971e-16,58
"MA0131.2",-8.19938431947476,2.41641390514131e-16,"HINFP",1.11965513865554e-15,59
"MA0060.3",-8.13906321020105,3.98380733173126e-16,"NFYA",1.83451868485896e-15,60
"MA1122.1",-8.09432177570813,5.75889889250749e-16,"TFDP1",2.61959669134792e-15,61
"MA0517.1",-7.97147553689368,1.56803563972745e-15,"STAT1::STAT2",6.9216247765484e-15,62
"MA0776.1",-7.97047296667346,1.58083388146933e-15,"MYBL1",6.93707103280071e-15,63
"MA0792.1",-7.90100311452787,2.76690567868876e-15,"POU5F1B",1.20006490482664e-14,64
"MA1140.2",-7.86522054629442,3.68477201650287e-15,"JUNB(var.2)",1.57979305994893e-14,65
"MA1115.1",-7.8282637701845,4.94693212614911e-15,"POU5F1",2.10880649491842e-14,66
"MA1498.1",-7.81474995531081,5.50773260992982e-15,"HOXA7",2.32133815085178e-14,67
"MA0910.2",-7.81474995531081,5.50773260992982e-15,"HOXD8",2.32133815085178e-14,68
"MA0516.2",-7.72441991252782,1.12372590806858e-14,"SP2",4.68323758334726e-14,69
"MA1562.1",-7.70032861052199,1.3572862801605e-14,"SOX14",5.62519758333186e-14,70
"MA0653.1",-7.68198744111661,1.56651505133323e-14,"IRF9",6.45646534969386e-14,71
"MA0027.2",-7.6762220934616,1.63863862847488e-14,"EN1",6.71661767495746e-14,72
"MA1511.1",-7.60370361133079,2.87795939145304e-14,"KLF10",1.16682484023042e-13,73
"MA0697.1",-7.59203950639018,3.14933154572e-14,"ZIC3",1.26994666654439e-13,74
"MA1568.1",-7.32510929652798,2.38724050961634e-13,"TCF21(var.2)",9.37306010617786e-13,75
"MA0798.2",-7.207205106352,5.71161590515723e-13,"RFX3",2.1857917931621e-12,76
"MA0051.1",-7.16993142538411,7.5040858277335e-13,"IRF2",2.7990240137446e-12,77
"MA0875.1",-7.01400193663706,2.31615580900433e-12,"BARX1",8.22786777865346e-12,78
"MA0597.1",-6.98933922187407,2.76203668651442e-12,"THAP1",9.76530506227372e-12,79
"MA0772.1",-6.9796739310443,2.95887079480907e-12,"IRF7",1.03629934879229e-11,80
"MA0124.2",-6.9710440692456,3.14621273968899e-12,"Nkx3-1",1.09676388028410e-11,81
"MA0788.1",-6.94541179924863,3.77385116704212e-12,"POU3F3",1.30337637528399e-11,82
"MA1419.1",-6.92228033752625,4.44462700482918e-12,"IRF4",1.52796854636063e-11,83
"MA1475.1",-6.78485032411524,1.1621497032509e-11,"CREB3L4(var.2)",3.90524179560888e-11,84
"MA1470.1",-6.67419947354998,2.486027313474e-11,"BACH2(var.2)",8.20609015863542e-11,85
"MA1644.1",-6.62508866428913,3.47063243668123e-11,"NFYC",1.13556657796675e-10,86
"MA0627.2",-6.57059625485973,5.01175848614108e-11,"POU2F3",1.62555296985272e-10,87
"MA1478.1",-6.56077623924273,5.35323418321557e-11,"DMRTA2",1.72350745506445e-10,88
"MA1584.1",-6.53897364791562,6.19465520972643e-11,"ZIC5",1.9833531272343e-10,89
"MA0747.1",-6.48583699941498,8.82463197527611e-11,"SP8",2.80135125683233e-10,90
"MA0880.1",-6.41198807050986,1.43644810348366e-10,"Dlx3",4.52147799661945e-10,91
"MA0019.1",-6.40481728386191,1.50560267453762e-10,"Ddit3::Cebpa",4.71924199665993e-10,92
"MA1139.1",-6.3927834911209,1.62903535230392e-10,"FOSL2::JUNB(var.2)",5.08477143438798e-10,93
"MA1651.1",-6.36883193587431,1.90485584583468e-10,"ZFP42",5.89635875930568e-10,94
"MA0599.1",-6.33500820078503,2.37343863028549e-10,"KLF5",7.31646784377263e-10,95
"MA0143.4",-6.32048916523979,2.60754261848456e-10,"SOX2",8.005048532467e-10,96
"MA1129.1",-6.26859046914781,3.64354468583022e-10,"FOSL1::JUN(var.2)",1.10491233155664e-09,97
"MA0762.1",-6.2581980409637,3.89476127962302e-10,"ETV2",1.17631251603189e-09,98
"MA0463.2",-6.23066116190359,4.64500710876762e-10,"BCL6",1.3972481061051e-09,99
"MA1512.1",-6.22655912179908,4.76820463028579e-10,"KLF11",1.42854644746715e-09,100
"MA0471.2",-6.21612497140713,5.09614399940366e-10,"E2F6",1.5146308460379e-09,101
"MA0631.1",-6.10978240598616,9.97743275549383e-10,"Six3",2.95363683952317e-09,102
"MA0694.1",-6.08544017659354,1.16178993877147e-09,"ZBTB7B",3.41218619812408e-09,103
"MA0840.1",-5.99871453988431,1.98897886402915e-09,"Creb5",5.77345615784336e-09,104
"MA0050.2",-5.96143401834308,2.50049069110146e-09,"IRF1",7.23010099054919e-09,105
"MA0789.1",-5.90595798546243,3.50625263912669e-09,"POU3F4",1.00602479568789e-08,106
"MA0873.1",-5.89872659730832,3.663429142684e-09,"HOXD12",1.04709507296639e-08,107
"MA1506.1",-5.89770886582736,3.68608527108151e-09,"HOXD10",1.04954947031557e-08,108
"MA0838.1",-5.88256817329496,4.03976547380347e-09,"CEBPG",1.14153978918841e-08,109
"MA1136.1",-5.86803684322415,4.41011979999254e-09,"FOSB::JUNB(var.2)",1.24149032860167e-08,110
"MA0473.3",-5.83771393812583,5.29250756342911e-09,"ELF1",1.47873057764724e-08,111
"MA1133.1",-5.79279537214135,6.92285614684341e-09,"JUN::JUNB(var.2)",1.91275951316488e-08,112
"MA0006.1",-5.78824988991338,7.11277566309795e-09,"Ahr::Arnt",1.95664096982243e-08,113
"MA0609.2",-5.77827785870407,7.54735884830682e-09,"CREM",2.05486485432003e-08,114
"MA1589.1",-5.75628347879459,8.59910785766834e-09,"ZNF140",2.31586081654173e-08,115
"MA0755.1",-5.75041606217466,8.90303600449742e-09,"CUX2",2.38052503919537e-08,116
"MA0748.2",-5.68450663664982,1.31198507464165e-08,"YY2",3.49550309172384e-08,117
"MA0604.1",-5.60412191782376,2.09325670619783e-08,"Atf1",5.55718684278853e-08,118
"MA1599.1",-5.59372448251093,2.22262261754178e-08,"ZNF682",5.87970380385167e-08,119
"MA0029.1",-5.53360656501188,3.13730527449052e-08,"Mecom",8.18332075094381e-08,120
"MA0834.1",-5.50066453058291,3.783839969815e-08,"ATF7",9.80119658847914e-08,121
"MA0786.1",-5.49801026433125,3.84122710064115e-08,"POU3F1",9.915416668091e-08,122
"MA0851.1",-5.47059011859299,4.48564934462204e-08,"Foxj3",1.15389462451312e-07,123
"MA1592.1",-5.44582015388417,5.15701417200458e-08,"ZNF274",1.32203868464447e-07,124
"MA0122.3",-5.43372583006551,5.51926289475821e-08,"Nkx3-2",1.40524577456984e-07,125
"MA0041.1",-5.38215858167635,7.3601962407517e-08,"Foxd3",1.85946090287228e-07,126
"MA0031.1",-5.38051183579276,7.42787331174182e-08,"FOXD1",1.85946090287228e-07,127
"MA0613.1",-5.38051183579276,7.42787331174182e-08,"FOXG1",1.85946090287228e-07,128
"MA0157.2",-5.38051183579276,7.42787331174182e-08,"FOXO3",1.85946090287228e-07,129
"MA1145.1",-5.35246240673856,8.67701325183647e-08,"FOSL2::JUND(var.2)",2.15768396195667e-07,130
"MA0009.2",-5.31776077555142,1.05058714179808e-07,"TBXT",2.60378075674873e-07,131
"MA0107.1",-5.31237749346641,1.0821013358966e-07,"RELA",2.66418348705896e-07,132
"MA1485.1",-5.26788882113401,1.38009191433805e-07,"FERD3L",3.37556907572521e-07,133
"MA0846.1",-5.189611683563,2.10744396062471e-07,"FOXC2",5.07146191814851e-07,134
"MA0695.1",-5.09837067362563,3.42607627758178e-07,"ZBTB7C",8.11381873992382e-07,135
"MA0594.2",-5.06998520951938,3.97871046977073e-07,"HOXA9",9.39277851407899e-07,136
"MA0614.1",-5.04264017083282,4.59176793769002e-07,"Foxj2",1.08058639795481e-06,137
"MA0472.2",-5.02554730434169,5.02024825331604e-07,"EGR2",1.1777060367842e-06,138
"MA0656.1",-5.02106169382887,5.13893283056561e-07,"JDP2(var.2)",1.20176924501628e-06,139
"MA0109.1",-5.01543374728203,5.29169421814936e-07,"HLTF",1.23362621460607e-06,140
"MA1106.1",-5.00574721570163,5.56487099584553e-07,"HIF1A",1.29326908501581e-06,141
"MA0766.2",-4.98029865868674,6.34897435653719e-07,"GATA5",1.46635754488444e-06,142
"MA0510.2",-4.9587482940536,7.09525207679556e-07,"RFX5",1.63365989175601e-06,143
"MA1554.1",-4.95705922687791,7.15720195841744e-07,"RFX7",1.6428531264552e-06,144
"MA0686.1",-4.92152332056578,8.58775781673081e-07,"SPDEF",1.96517402800036e-06,145
"MA1131.1",-4.91071664975991,9.07487659847829e-07,"FOSL2::JUN(var.2)",2.070292948766e-06,146
"MA0632.2",-4.8691231769655,1.12100151274451e-06,"TCFL5",2.52648679307373e-06,147
"MA0847.2",-4.84048109455734,1.2953173803183e-06,"FOXD2",2.91056254734172e-06,148
"MA0914.1",-4.7764487376273,1.78427527258279e-06,"ISL2",3.97334135327391e-06,149
"MA0785.1",-4.72227800615291,2.33229294014206e-06,"POU2F1",5.13242045234802e-06,150
"MA1120.1",-4.70580738609849,2.52876019652078e-06,"SOX13",5.54839737236619e-06,151
"MA0479.1",-4.68070157024215,2.85909308790237e-06,"FOXH1",6.24881746257665e-06,152
"MA1107.2",-4.5775304396849,4.70519599686898e-06,"KLF9",1.017413395265e-05,153
"MA0470.2",-4.54805407029872,5.41470249374741e-06,"E2F4",1.16408301450593e-05,154
"MA0784.1",-4.53155469494637,5.85539871924873e-06,"POU1F1",1.2480364127313e-05,155
"MA0509.2",-4.44693666724151,8.71075778794928e-06,"RFX1",1.84608673574152e-05,156
"MA1518.1",-4.43790002028024,9.08455479741787e-06,"LHX1",1.9198520903325e-05,157
"MA0667.1",-4.41243211416652,1.02220842803247e-05,"MYF6",2.14204350368601e-05,158
"MA0668.1",-4.38275565387987,1.17193852652601e-05,"NEUROD2",2.44892476411317e-05,159
"MA0669.1",-4.3724207720693,1.22882966910767e-05,"NEUROG2",2.55350120655799e-05,160
"MA0466.2",-4.31682390480088,1.58298489280579e-05,"CEBPB",3.2621732873843e-05,161
"MA0862.1",-4.24912525272816,2.14618386520691e-05,"GMEB2",4.37446219520316e-05,162
"MA0642.1",-4.2386505490311,2.24878661419697e-05,"EN2",4.55868156030148e-05,163
"MA0035.4",-4.2335591268601,2.3003272508398e-05,"GATA1",4.65052609519375e-05,164
"MA0611.1",-4.1000220212428,4.13129566614657e-05,"Dux",8.21852417852091e-05,165
"MA0845.1",-4.0545853417089,5.02254898530494e-05,"FOXB1",9.86005669220391e-05,166
"MA0037.3",-4.01408995829451,5.96783812208303e-05,"GATA3",0.000115636551664258,167
"MA0787.1",-3.97492675715917,7.0403927751407e-05,"POU3F2",0.000135714031272738,168
"MA0502.2",-3.97226134184484,7.11965257483705e-05,"NFYB",0.000136888165485269,169
"MA1479.1",-3.95970741235865,7.5045015799731e-05,"DMRTC2",0.000143916662690487,170
"MA0527.1",-3.94885443928068,7.85293630310279e-05,"ZBTB33",0.000150212576464479,171
"MA0727.1",-3.93044282758317,8.47931493170618e-05,"NR3C2",0.000161779256753269,172
"MA0773.1",-3.91059407620816,9.20732649410636e-05,"MEF2D",0.000175221060321514,173
"MA0525.2",-3.89618810975113,9.77228896429345e-05,"TP63",0.000185028618460988,174
"MA0498.2",-3.89426158233218,9.85024274626394e-05,"MEIS1",0.000186032432625643,175
"MA0651.1",-3.83177135809876,0.000127229917930823,"HOXC11",0.000237878493173919,176
"MA1480.1",-3.82335008607119,0.000131656499643129,"DPRX",0.000244927054198937,177
"MA1585.1",-3.81262105448941,0.000137506603877666,"ZKSCAN1",0.000254670227343604,178
"MA0640.2",-3.81249501997239,0.000137576543725834,"ELF3",0.000254670227343604,179
"MA0837.1",-3.79209777621698,0.000149386992452725,"CEBPE",0.000274489399925451,180
"MA1523.1",-3.75514641602404,0.00017324712255951,"MSANTD3",0.000317548779924803,181
"MA1580.1",-3.75247456296318,0.000175105284351696,"ZBTB32",0.000320167995407758,182
"MA0508.3",-3.74862420067002,0.00017781435090803,"PRDM1",0.000324326419993619,183
"MA0735.1",-3.72575731895176,0.000194737459627204,"GLIS1",0.000353465072705338,184
"MA0113.3",-3.70765165804805,0.000209198562640444,"NR3C1",0.00037787440128274,185
"MA0077.1",-3.68291149339032,0.000230595131298134,"SOX9",0.000414515585417851,186
"MA1476.1",-3.62414991139964,0.000289926620310147,"DLX5",0.000513741707247908,187
"MA0032.2",-3.54326713730613,0.000395217243471288,"FOXC1",0.000693722502657838,188
"MA1623.1",-3.5377488076935,0.000403568981095326,"Stat2",0.000706719389429843,189
"MA0637.1",-3.43632288718693,0.00058969136623236,"CENPB",0.00102067229514928,190
"MA0039.4",-3.43335131135866,0.000596190828702735,"KLF4",0.00102953323660241,191
"MA0598.3",-3.42462219353397,0.00061567746036892,"EHF",0.00106072837282959,192
"MA1514.1",-3.38661623971216,0.000707628529931187,"KLF17",0.00120248492785573,193
"MA0070.1",-3.35215199844206,0.000801889944322432,"PBX1",0.0013503609446152,194
"MA0881.1",-3.34558832740502,0.000821116476639399,"Dlx4",0.00137652335184942,195
"MA0877.2",-3.33609690600659,0.000849670661105708,"BARHL1",0.00142119801162524,196
"MA0163.1",-3.16692507322234,0.00154065264191114,"PLAG1",0.00253155698428571,197
"MA0612.2",-3.16317089171626,0.00156067119094662,"EMX1",0.00253651570467577,198
"MA0893.2",-3.16317089171626,0.00156067119094662,"GSX2",0.00253651570467577,199
"MA0900.2",-3.16317089171626,0.00156067119094662,"HOXA2",0.00253651570467577,200
"MA0902.2",-3.16317089171626,0.00156067119094662,"HOXB2",0.00253651570467577,201
"MA0912.2",-3.16317089171626,0.00156067119094662,"HOXD3",0.00253651570467577,202
"MA0839.1",-3.15332368665837,0.00161428281328685,"CREB3L1",0.00261226676510194,203
"MA0130.1",-3.11216139356536,0.0018572919967746,"ZNF354C",0.00299252662979233,204
"MA0081.2",-3.09833139079005,0.00194620206010906,"SPIB",0.00312229405772335,205
"MA1116.1",-3.0893294160256,0.00200615608734907,"RBPJ",0.00321157176215109,206
"MA0733.1",-3.08519920512855,0.00203422658244407,"EGR4",0.00324953539722329,207
"MA0698.1",-3.07422013622658,0.00211060802244347,"ZBTB18",0.00336434526654451,208
"MA0672.1",-3.02810762644632,0.00246098844048418,"NKX2-3",0.00391449334030106,209
"MA0605.2",-2.98888005005895,0.0028001121952277,"ATF3",0.00442560105432174,210
"MA0259.1",-2.98569340487834,0.00282945655694428,"ARNT::HIF1A",0.00446252556338357,211
"MA0080.5",-2.92747325800701,0.00341739355244985,"SPI1",0.00535583107169661,212
"MA0679.2",-2.84429219660107,0.00445116256235556,"ONECUT1",0.0069322907547333,213
"MA1547.1",-2.80014082318084,0.00510819700628011,"PITX2",0.00792248433822237,214
"MA0699.1",-2.78715556392328,0.00531747115351055,"LBX2",0.00821290575676784,215
"MA0500.2",-2.77586976750778,0.00550559562073485,"MYOG",0.00846840068673855,216
"MA0038.2",-2.72734552706454,0.00638481044777462,"GFI1",0.00980055266263347,217
"MA0911.1",-2.6904025872788,0.00713682635969018,"Hoxa11",0.0109323869904084,218
"MA1552.1",-2.68342622217765,0.00728742691791066,"RARB(var.3)",0.0111402059031995,219
"MA0864.2",-2.68251880242257,0.00730724500839571,"E2F2",0.0111476580291681,220
"MA0852.2",-2.66717747217846,0.00764935754043464,"FOXK1",0.0116220381367907,221
"MA0052.4",-2.62426101902234,0.00868397690258434,"MEF2A",0.013060981389774,222
"MA0101.1",-2.6221386840328,0.0087382446943614,"REL",0.0131161580321803,223
"MA0906.1",-2.60996206356231,0.009055523354303,"HOXC12",0.0135651012496186,224
"MA1420.1",-2.57538123564877,0.0100132612033183,"IRF5",0.014880264656724,225
"MA0030.1",-2.55958218511811,0.0104801141631313,"FOXF2",0.015543071899992,226
"MA0818.1",-2.5578382439524,0.0105328624054211,"BHLHE22",0.0155903082429447,227
"MA0878.2",-2.53171487838542,0.0113509601660551,"CDX1",0.0167018072660298,228
"MA1635.1",-2.53059699535344,0.0113871844660642,"BHLHE22(var.2)",0.0167221252198501,229
"MA1546.1",-2.52501461446722,0.0115697181569651,"PAX3(var.2)",0.0169567971416424,230
"MA1655.1",-2.47691758942144,0.0132526225074502,"ZNF341",0.0192343509543926,231
"MA1501.1",-2.47315527448707,0.0133930203075618,"HOXB7",0.0194003750474584,232
"MA0638.1",-2.46944059644957,0.0135328288774394,"CREB3",0.0195522811284094,233
"MA0647.1",-2.46897956241921,0.0135503074308146,"GRHL1",0.0195522811284094,234
"MA0700.2",-2.45971052723116,0.0139053265637623,"LHX2",0.0199872324018625,235
"MA0673.1",-2.45056811573903,0.0142635041814218,"NKX2-8",0.0204626425371936,236
"MA0088.2",-2.44228432341212,0.0145950529726479,"ZNF143",0.0208580642099527,237
"MA0116.1",-2.42478854987045,0.0153177275492418,"Znf423",0.0217657614318751,238
"MA0767.1",-2.38928389758228,0.0168817303384519,"GCM2",0.0239425300997816,239
"MA0091.1",-2.38047201996246,0.0172909585211619,"TAL1::TCF3",0.0244300285166417,240
"MA0868.2",-2.37301642153793,0.0176439777088134,"SOX8",0.0248816774494797,241
"MA1544.1",-2.34079127060324,0.0192435361225062,"OVOL1",0.0269337297324383,242
"MA0680.1",-2.33448177139878,0.0195711206115514,"PAX7",0.0272898242546118,243
"MA0757.1",-2.33027605795936,0.0197921049143333,"ONECUT3",0.0275223679832411,244
"MA1502.1",-2.311317652616,0.0208159828252514,"HOXB8",0.0288637977465382,245
"MA0140.2",-2.2955637016076,0.0217014334490325,"GATA1::TAL1",0.0300357501910543,246
"MA0036.3",-2.27423723669234,0.0229523601478406,"GATA2",0.0315912558492418,247
"MA0607.1",-2.26454153596166,0.023541507704216,"Bhlha15",0.0322866744492805,248
"MA0741.1",-2.26449702084619,0.0235441701077863,"KLF16",0.0322866744492805,249
"MA0711.1",-2.19387176920121,0.0282454787976434,"OTX1",0.0385918080275494,250
"MA1474.1",-2.1905795963693,0.0284829546847752,"CREB3L4",0.0388451264987976,251
"MA0754.1",-2.13313387022186,0.0329147272331929,"CUX1",0.0446443391199307,252
"MA0485.2",-2.11274376795245,0.0346236771737973,"HOXC9",0.0468382622508556,253
"MA0465.2",-2.1083075448013,0.0350052700005719,"CDX2",0.0471370603256798,254
"MA0063.2",-2.10122752973074,0.0356219015660432,"NKX2-5",0.0478809703932761,255
"MA0732.1",-2.09748972226937,0.0359511236033161,"EGR3",0.0482365795109242,256
"MA0105.4",-1.97240870700335,0.0485641291599112,"NFKB1",0.0646943577737388,257
"MA0069.1",-1.95648319273301,0.0504095019918137,"PAX6",0.0670329563028396,258
"MA0676.1",-1.94844901392066,0.051362475230592,"Nr2e1",0.0681786592918534,259
"MA1628.1",-1.9429321864419,0.052025554720468,"Zic1::Zic2",0.0689361701979914,260
"MA1509.1",-1.93670643987945,0.052782569667992,"IRF6",0.069815242858727,261
"MA1596.1",-1.85056946469775,0.0642329396862659,"ZNF460",0.0837723304299902,262
"MA0770.1",-1.82109757375691,0.0685935554853537,"HSF2",0.089147721937411,263
"MA0132.2",-1.72655269366452,0.0842500685487497,"PDX1",0.108363019202357,264
"MA1529.1",-1.71460659361869,0.0864192124812541,"NHLH2",0.110840684734686,265
"MA0047.3",-1.69971066091298,0.0891872706996856,"FOXA2",0.114122991324126,266
"MA1583.1",-1.6610880843825,0.0966977985941974,"ZFP57",0.123521502998752,267
"MA0665.1",-1.6488283815021,0.0991848819461978,"MSC",0.126481917832245,268
"MA1151.1",-1.63284463934907,0.10250385146403,"RORC",0.130491251181172,269
"MA0731.1",-1.62877433896097,0.103362931909679,"BCL6B",0.131360727776185,270
"MA0024.3",-1.59442858139956,0.110842551066174,"E2F1",0.140388018837633,271
"MA0799.1",-1.58577068139504,0.112793637404162,"RFX4",0.142375725048231,272
"MA0756.1",-1.57615368233638,0.11499282599062,"ONECUT2",0.144662138598655,273
"MA0040.1",-1.56670101967002,0.117186973011162,"Foxq1",0.147174211896173,274
"MA1503.1",-1.54867927253048,0.121461553488844,"HOXB9",0.152286250256601,275
"MA0610.1",-1.54058508407567,0.123420548233588,"DMRT3",0.154482766748753,276
"MA1657.1",-1.52805860248034,0.126500525880249,"ZNF652",0.157808348338906,277
"MA1468.1",-1.52578977855289,0.127065052157096,"ATOH7",0.158247961451074,278
"MA0905.1",-1.52482166869092,0.127306327207107,"HOXC10",0.158284200160836,279
"MA0719.1",-1.5119763571873,0.130542608179648,"RHOXF1",0.162037912981726,280
"MA1497.1",-1.49400882257016,0.135176241037424,"HOXA6",0.167510757165977,281
"MA0794.1",-1.48557958181759,0.137393215570147,"PROX1",0.169975686260912,282
"MA0761.2",-1.46431805737154,0.143109782869365,"ETV1",0.176754798047262,283
"MA1104.2",-1.45775751064064,0.144910257062991,"GATA6",0.178009178731229,284
"MA0724.1",-1.45714393372438,0.145079866847972,"VENTX",0.178009178731229,285
"MA0908.1",-1.44445514600929,0.148614192353756,"HOXD11",0.182046284886539,286
"MA1600.1",-1.40310204862173,0.160589391789014,"ZNF684",0.19543178837619,287
"MA0112.3",-1.30379440805016,0.192307155804479,"ESR1",0.231924888715667,288
"MA0468.1",-1.29885124886241,0.19399860277639,"DUX4",0.233424125276107,289
"MA0639.1",-1.28548894969308,0.198625044671367,"DBP",0.238222320457941,290
"MA1108.2",-1.27419632009616,0.202597495013903,"MXI1",0.242596679422747,291
"MA1524.1",-1.25618795392065,0.209051697545422,"MSGN1",0.249923984565521,292
"MA0882.1",-1.22233164507292,0.221586615144507,"DLX6",0.263642129023608,293
"MA0678.1",-1.21148549198388,0.22571394675476,"OLIG2",0.26769889392536,294
"MA0909.2",-1.19078978151391,0.233740183735479,"HOXD13",0.27677805883598,295
"MA0660.1",-1.17584730914898,0.239660026657958,"MEF2B",0.282889841593096,296
"MA1576.1",-1.15700113847693,0.247276001564135,"THRB(var.3)",0.290958828338872,297
"MA1489.1",-1.15439550676941,0.248342216332038,"FOXN3",0.291753217927087,298
"MA0014.3",-1.13878044531303,0.254798945607767,"PAX5",0.298398765185862,299
"MA0832.1",-1.13349490155978,0.25701079066581,"Tcf21",0.300517319493251,300
"MA0734.2",-1.12701862218996,0.259738826774595,"GLI2",0.303231869755631,301
"MA0497.1",-1.09739823944307,0.272471732078213,"MEF2C",0.316610455031693,302
"MA1126.1",-1.06940967423998,0.284889640105595,"FOS::JUN(var.2)",0.330011912296232,303
"MA0606.1",-1.04148111964898,0.29765697942925,"NFAT5",0.343733911229444,304
"MA0901.2",-1.02238579003778,0.306603085912758,"HOXB13",0.352428200448255,305
"MA0482.2",-1.01935093396691,0.308041315944343,"GATA4",0.353536648760738,306
"MA0827.1",-1.01515533862992,0.310037373589359,"OLIG3",0.355280922730664,307
"MA1555.1",-1.01055621430938,0.312233753821823,"RXRB(var.2)",0.357249049618221,308
"MA1575.1",-0.980912867585008,0.326640717777828,"THRB(var.2)",0.372021336583603,309
"MA0619.1",-0.943327766792917,0.345518492767531,"LIN54",0.392921944519174,310
"MA0885.1",-0.936229428933657,0.349161060783581,"Dlx2",0.3964598955016,311
"MA1466.1",-0.871797299733966,0.383324502845072,"ATF6",0.432617366297162,312
"MA1561.1",-0.853660095973109,0.393299414568667,"SOX12",0.44320447623599,313
"MA0007.3",-0.790885824156745,0.429016546114214,"Ar",0.479829600301654,314
"MA1653.1",-0.781366616877495,0.43459270647586,"ZNF148",0.484613092721961,315
"MA0600.2",-0.765501834097408,0.443978832739571,"RFX2",0.49360388855994,316
"MA1587.1",-0.756789935826896,0.449181687187129,"ZNF135",0.497904217892419,317
"MA1491.1",-0.747886268518492,0.454534780566362,"GLI3",0.503090424781167,318
"MA0687.1",-0.736269075524889,0.46157305644383,"SPIC",0.509369082998665,319
"MA1641.1",-0.709802318221463,0.477833023773501,"MYF5",0.52575727984518,320
"MA1505.1",-0.697028406465331,0.485792394527038,"HOXC8",0.53216024422492,321
"MA1683.1",-0.655901100764222,0.511894288316004,"FOXA3",0.559111477428607,322
"MA0775.1",-0.568425542754741,0.569752966850093,"MEIS3",0.617784466962456,323
"MA0635.1",-0.552137987297711,0.580861705952173,"BARHL2",0.628004105275827,324
"MA0895.1",-0.493829066599444,0.62143480947716,"HMBOX1",0.66992827726873,325
"MA0048.2",-0.488095739906325,0.625489115881808,"NHLH1",0.672355735515604,326
"MA1569.1",-0.471122982140157,0.637560023814059,"TFAP2E",0.680289146045877,327
"MA1654.1",-0.43252143800876,0.665369725814742,"ZNF16",0.706068016298432,328
"MA0480.1",-0.424566529827725,0.671160033823997,"Foxo1",0.711200831296452,329
"MA0774.1",-0.418981140421511,0.675237339707374,"MEIS2",0.714506461591065,330
"MA0749.1",-0.41270308834229,0.67983271074441,"ZBED1",0.718350144780921,331
"MA0726.1",-0.390375554804692,0.69626751459926,"VSX2",0.734675482165556,332
"MA0624.1",-0.385572572021155,0.699820730986046,"NFATC1",0.737381730671738,333
"MA0481.3",-0.32092544530385,0.74827455882919,"FOXP1",0.780717232009197,334
"MA1508.1",-0.317323067152837,0.751006027534922,"IKZF1",0.782472760532195,335
"MA0843.1",-0.3136644124067,0.753783740960373,"TEF",0.784271507331155,336
"MA0467.1",-0.290585691390826,0.771376107034472,"Crx",0.798122851383795,337
"MA1473.1",-0.280857386262382,0.778827736563477,"CDX4",0.804097023489828,338
"MA0863.1",-0.280233889552172,0.779305828395637,"MTF1",0.804097023489828,339
"MA0869.1",-0.273154786239653,0.784742127495834,"Sox11",0.808587882751232,340
"MA0106.3",-0.208677933519405,0.834707918764986,"TP53",0.856522843739586,341
"MA0084.1",-0.168698364728712,0.866042013386769,"SRY",0.886346505058814,342
"MA0018.4",-0.16250512149081,0.870915974806367,"CREB1",0.8875728377125,343
"MA0002.2",-0.122288041490081,0.902678871891825,"RUNX1",0.910325388205822,344
"MA1123.2",-0.106883741149955,0.914889285402362,"TWIST1",0.921062627409126,345
"MA1619.1",-0.102348435877154,0.918488171554432,"Ptf1a(var.2)",0.923439590269011,346
"MA1545.1",-0.0376786693998456,0.969953303748597,"OVOL2",0.971255254491884,347
"MA0778.1",0.0306245304307177,0.975577098345152,"NFKB2",0.975577098345152,348
"MA0625.1",0.0592632544477772,0.952750464152572,"NFATC3",0.955311621314272,349
"MA0511.2",0.0857690374194725,0.931658425461351,"RUNX2",0.935420168767386,350
"MA1132.1",0.121878136390145,0.903003736289958,"JUN::JUNB",0.910325388205822,351
"MA0042.2",0.142329316073445,0.8868278977708,"FOXI1",0.896441208315741,352
"MA0033.2",0.142329316073445,0.8868278977708,"FOXL1",0.896441208315741,353
"MA0848.1",0.142329316073445,0.8868278977708,"FOXO4",0.896441208315741,354
"MA0849.1",0.142329316073445,0.8868278977708,"FOXO6",0.896441208315741,355
"MA0850.1",0.142329316073445,0.8868278977708,"FOXP3",0.896441208315741,356
"MA1467.1",0.159789643273453,0.873054712950733,"ATOH1(var.2)",0.888538630097199,357
"MA0722.1",0.165544516591255,0.868524524394092,"VAX1",0.886346505058814,358
"MA0723.1",0.165544516591255,0.868524524394092,"VAX2",0.886346505058814,359
"MA1481.1",0.165544516591255,0.868524524394092,"DRGX",0.886346505058814,360
"MA0826.1",0.229084728000818,0.8188122442781,"OLIG1",0.841369055415238,361
"MA0907.1",0.26492698345203,0.791074198236034,"HOXC13",0.81398807156425,362
"MA1152.1",0.296175245392804,0.767103927737348,"SOX15",0.794804902905642,363
"MA1103.2",0.303715837552771,0.761352116451759,"FOXK2",0.789942529726025,364
"MA0145.3",0.30589394662531,0.759693722908196,"TFCP2",0.789319661963112,365
"MA1606.1",0.325136878936301,0.745085130369849,"Foxf1",0.778478301478862,366
"MA1652.1",0.336841432281838,0.73624392362742,"ZKSCAN5",0.770319729349307,367
"MA0725.1",0.346078805789206,0.729292009236154,"VSX1",0.76411775125024,368
"MA1500.1",0.360189046718937,0.718714371416312,"HOXB6",0.754094122470561,369
"MA0593.1",0.371634082638964,0.710172802986969,"FOXP2",0.746181564828562,370
"MA0125.1",0.374263817394192,0.708216024088817,"Nobox",0.745175111382591,371
"MA1588.1",0.444158894125998,0.656935068669288,"ZNF136",0.698110486078759,372
"MA1540.1",0.468753615720358,0.639252937504236,"NR5A1",0.680289146045877,373
"MA0650.2",0.469733006559512,0.638553114201024,"HOXA13",0.680289146045877,374
"MA1495.1",0.470908745502887,0.637714488077078,"HOXA1",0.680289146045877,375
"MA0158.2",0.470908745502887,0.637714488077078,"HOXA5",0.680289146045877,376
"MA0904.2",0.470908745502887,0.637714488077078,"HOXB5",0.680289146045877,377
"MA0062.3",0.485390230817061,0.627406619719876,"GABPA",0.673446529943924,378
"MA0817.1",0.490464303954611,0.623813666732252,"BHLHE23",0.671522359858961,379
"MA1125.1",0.510347915185735,0.609814704700772,"ZNF384",0.658352778157419,380
"MA0865.1",0.553961246163753,0.579612267527534,"E2F8",0.627562774420233,381
"MA1656.1",0.594699948630627,0.552050737334527,"ZNF449",0.599461208226429,382
"MA1608.1",0.629280876109837,0.529172333245652,"Isl1",0.575455627698624,383
"MA0816.1",0.634956817367376,0.525463110115574,"Ascl2",0.572256175395939,384
"MA0870.1",0.647950707481365,0.517023943350327,"Sox1",0.563888686753427,385
"MA0152.1",0.671396915438348,0.501974075619246,"NFATC2",0.549080147231609,386
"MA0888.1",0.700372109084281,0.483702226556114,"EVX2",0.530649795604208,387
"MA0758.1",0.704767018709121,0.480961594445372,"E2F7",0.528420249567375,388
"MA1496.1",0.724925746396502,0.468504313234826,"HOXA4",0.51625438356452,389
"MA0688.1",0.743638158094765,0.457101678989641,"TBX2",0.505182003742626,390
"MA0764.2",0.758475642094033,0.448172243773481,"ETV4",0.497524544427108,391
"MA0867.2",0.77978319848237,0.43552441135391,"SOX4",0.48492718040301,392
"MA0486.2",0.783268832674308,0.433475179234687,"HSF1",0.484090544474665,393
"MA1618.1",0.800115311206795,0.423649926149611,"Ptf1a",0.474538806167582,394
"MA1603.1",0.801924397509498,0.422602673075079,"Dmrt1",0.474077585133848,395
"MA0780.1",0.805024755633145,0.420812115576367,"PAX3",0.472779876837304,396
"MA0623.2",0.823705365859442,0.410113642454353,"NEUROG1",0.461455169337779,397
"MA0779.1",0.872217459296911,0.383095305698878,"PAX1",0.432617366297162,398
"MA0844.1",0.900186491711173,0.368026517191736,"XBP1",0.416612719006124,399
"MA0521.1",0.923625262810898,0.355686652220343,"Tcf12",0.403255687775647,400
"MA0890.1",0.987852329751625,0.323230255355184,"GBX2",0.368699954885271,401
"MA1553.1",1.00536753156359,0.314724921359809,"RARG(var.3)",0.359547919348265,402
"MA0057.1",1.02952364409278,0.30323836720933,"MZF1(var.2)",0.349098490645309,403
"MA0796.1",1.0364678455808,0.299988710094633,"TGIF1",0.345891155688711,404
"MA1627.1",1.06542583239548,0.286687750497679,"Wt1",0.331579940885688,405
"MA1565.1",1.08421999303728,0.278271731503459,"TBX18",0.32284714106,406
"MA1525.1",1.10711994993129,0.26824644818586,"NFATC4",0.312186974019738,407
"MA0737.1",1.10737114934813,0.268137852170779,"GLIS3",0.312186974019738,408
"MA0913.2",1.14269183609502,0.253170885548426,"HOXD9",0.296958302860261,409
"MA0804.1",1.16951308463561,0.242201608585288,"TBX19",0.285438230655015,410
"MA0646.1",1.18977834770584,0.23413755193838,"GCM1",0.276809213543632,411
"MA0712.2",1.21400162213524,0.224751036682081,"OTX2",0.266981327014065,412
"MA1100.2",1.22541312685646,0.220423373157325,"ASCL1",0.262677054912723,413
"MA0783.1",1.24231099627444,0.214125581323734,"PKNOX2",0.255580293868009,414
"MA0100.3",1.28692813278925,0.198122921699494,"MYB",0.238002736856397,415
"MA1155.1",1.30339985401689,0.192441697205091,"ZSCAN4",0.231924888715667,416
"MA1601.1",1.31042769089861,0.190054574309494,"ZNF75D",0.229790457755077,417
"MA0682.2",1.32259538977154,0.185973441169134,"PITX1",0.225221082974308,418
"MA0806.1",1.34382974083354,0.179006800824185,"TBX4",0.217136704739581,419
"MA0807.1",1.34382974083354,0.179006800824185,"TBX5",0.217136704739581,420
"MA0108.2",1.40440312758397,0.160201860406245,"TBP",0.195278738338331,421
"MA0715.1",1.40847135211381,0.158994670682961,"PROP1",0.194124426071177,422
"MA0841.1",1.43344773858727,0.151732911809549,"NFE2",0.185561888868728,423
"MA1567.1",1.45908862439783,0.144543579376391,"TBX6",0.17793648550295,424
"MA0461.2",1.4599477730425,0.144307638690429,"Atoh1",0.17793648550295,425
"MA0738.1",1.53599277515596,0.124542619140452,"HIC2",0.155626120399962,426
"MA0836.2",1.58061006331433,0.11396962154259,"CEBPD",0.143617124443872,427
"MA0146.2",1.58848291444137,0.112179420660634,"Zfx",0.141840420021751,428
"MA0469.3",1.60485838484848,0.108527584860318,"E2F3",0.137689759023465,429
"MA1119.1",1.71431059847917,0.086473563693817,"SIX2",0.110840684734686,430
"MA0602.1",1.72898691043924,0.0838133591766082,"Arid5a",0.107987505951209,431
"MA1472.1",1.73363288015356,0.0829850353182052,"BHLHA15(var.2)",0.107105253196161,432
"MA1571.1",1.76884788074042,0.0769209895332903,"TGIF2LX",0.0994507074381882,433
"MA0148.4",1.79394641353575,0.0728233440009153,"FOXA1",0.0943163448345187,434
"MA1533.1",1.81353110444046,0.0697515081915428,"NR1I2",0.0904950001928538,435
"MA1581.1",1.83125557203718,0.0670638943744282,"ZBTB6",0.0873118066375627,436
"MA1570.1",1.87482304035385,0.0608186594554397,"TFAP4(var.2)",0.0794583536843398,437
"MA1629.1",1.88496789397802,0.0594355164513517,"Zic2",0.0777875355661551,438
"MA0736.1",1.89103494079912,0.0586210148961177,"GLIS2",0.076856374538671,439
"MA1649.1",1.89414211707686,0.0582074781568677,"ZBTB12",0.0764485540581397,440
"MA1542.1",1.92381507488018,0.0543790652095071,"OSR1",0.0715463538735314,441
"MA0138.2",1.92915691224297,0.0537126211204818,"REST",0.0707943734202816,442
"MA0102.4",1.93469342094367,0.0530292112158588,"CEBPA",0.0700173302071339,443
"MA0111.1",1.98362563807887,0.0472987218043659,"Spz1",0.0631213711378479,444
"MA0066.1",2.04938715923746,0.0404252637954794,"PPARG",0.0540452451459277,445
"MA0781.1",2.06184127279555,0.0392238175904242,"PAX9",0.0525331560546794,446
"MA0684.2",2.11161233518422,0.0347205885049908,"RUNX3",0.0468382622508556,447
"MA0003.4",2.1118177574291,0.0347029376338816,"TFAP2A",0.0468382622508556,448
"MA0648.1",2.1677683858585,0.030177140173135,"GSC",0.0410057314556625,449
"MA0771.1",2.18969091135335,0.0285473912547597,"HSF4",0.0388619596278298,450
"MA1114.1",2.2135284907673,0.0268619196434715,"PBX3",0.0367687927596875,451
"MA0142.1",2.27499355682925,0.0229069250461208,"Pou5f1::Sox2",0.0315869983075899,452
"MA1099.2",2.28947571952689,0.0220523045515777,"HES1",0.0304648503619944,453
"MA1154.1",2.32990551944892,0.0198116777573733,"ZNF282",0.0275223679832411,454
"MA0524.2",2.33706786735932,0.0194361750262611,"TFAP2C",0.0271524093063497,455
"MA1639.1",2.35398554155494,0.0185738565333554,"MEIS1(var.2)",0.02604529506369,456
"MA1532.1",2.35427090684996,0.0185595877735988,"NR1D2",0.02604529506369,457
"MA0056.2",2.36793201866894,0.0178883088940375,"MZF1",0.0251786385565131,458
"MA1579.1",2.38504283912158,0.0170775971370301,"ZBTB26",0.0241743595146575,459
"MA0897.1",2.42563467377912,0.0152820797846866,"Hmx2",0.0217565487010996,460
"MA0092.1",2.43506015681798,0.0148897322391367,"Hand1::Tcf3",0.021238509082975,461
"MA0899.1",2.44669774118273,0.0144175753037651,"HOXA10",0.020643975386965,462
"MA0810.1",2.46373249352777,0.0137502505531847,"TFAP2A(var.2)",0.019802484387405,463
"MA1607.1",2.47922441107183,0.0131672155760048,"Foxl2",0.0191476468220265,464
"MA1631.1",2.48033930201228,0.0131261078294003,"ASCL1(var.2)",0.0191251492983059,465
"MA0860.1",2.50952128329743,0.0120898374780524,"Rarg(var.2)",0.0176497431675677,466
"MA0730.1",2.52045001784787,0.0117208229364316,"RARA(var.2)",0.0171445762952509,467
"MA0492.1",2.53635972206237,0.0112014822272895,"JUND(var.2)",0.0165144382244228,468
"MA1572.1",2.55427615364552,0.0106411992083902,"TGIF2LY",0.0157194744741765,469
"MA0811.1",2.58220296633275,0.00981746728566022,"TFAP2B",0.014618424341522,470
"MA1522.1",2.58510844878442,0.00973511696507936,"MAZ",0.0145247945118984,471
"MA1616.1",2.6006257737499,0.00930566163145916,"Prdm15",0.0139118708959289,472
"MA0655.1",2.63269435621375,0.00847132328105786,"JDP2",0.0127668831670084,473
"MA0681.2",2.63343546739316,0.00845284027484696,"PHOX2B",0.012764815475781,474
"MA0520.1",2.63959824382251,0.00830068255941592,"Stat6",0.0125604648870675,475
"MA1632.1",2.64818677472107,0.00809271987578746,"ATF2",0.0122706687547509,476
"MA0898.1",2.67383056754112,0.00749926285435204,"Hmx3",0.0114172450802992,477
"MA1113.2",2.78117246484851,0.00541646674562633,"PBX2",0.00834852105834142,478
"MA0872.1",2.79404046441832,0.00520555733867213,"TFAP2A(var.3)",0.00805673397230168,479
"MA1642.1",2.82270828356523,0.00476213735882491,"NEUROG2(var.2)",0.00740115514517372,480
"MA0634.1",2.85261356800662,0.00433627722314973,"ALX3",0.00676749541520858,481
"MA1548.1",2.92341460726872,0.00346226308867969,"PLAGL2",0.00541477623512588,482
"MA0894.1",2.94494139845878,0.00323027279256755,"HESX1",0.00507322842790608,483
"MA1578.1",2.96160726977268,0.00306047785603363,"VEZF1",0.00481670143586728,484
"MA0151.1",3.01943893333204,0.00253251641304276,"Arid3a",0.00401116187713355,485
"MA1646.1",3.02546478655558,0.00248259513961685,"OSR2",0.00394045951947695,486
"MA0812.1",3.10102201162519,0.00192860451859253,"TFAP2B(var.2)",0.00310073054066817,487
"MA0477.2",3.11336853417945,0.00184971347732358,"FOSL1",0.00298676678373029,488
"MA1101.2",3.15896602576025,0.00158335675722875,"BACH2",0.0025677916106362,489
"MA0797.1",3.17320047698709,0.0015077367838133,"TGIF2",0.00248293960424884,490
"MA0505.1",3.24223734203961,0.00118599375290411,"Nr5a2",0.00195741446828864,491
"MA0887.1",3.25443549598037,0.00113622589240968,"EVX1",0.00187943351604795,492
"MA1117.1",3.26885148098102,0.00107988866753975,"RELB",0.00179021543552145,493
"MA0714.1",3.30363485419913,0.000954435921973453,"PITX3",0.00158576658751046,494
"MA1615.1",3.30956576664499,0.000934441280072718,"Plagl1",0.00155601159583537,495
"MA0795.1",3.31564039483298,0.000914370497078331,"SMAD3",0.00152599640004572,496
"MA1647.1",3.35070211584723,0.000806098838078144,"PRDM4",0.00135439129100517,497
"MA1130.1",3.35618297144693,0.000790292034313961,"FOSL2::JUN",0.00133384130678329,498
"MA1150.1",3.36747561268404,0.000758625909070633,"RORB",0.00128329915684057,499
"MA0615.1",3.38054641735925,0.0007234478887459,"Gmeb1",0.00122657301137373,500
"MA0630.1",3.40990605208982,0.000649879319974525,"SHOX",0.00110687208379223,501
"MA0654.1",3.40990605208982,0.000649879319974525,"ISX",0.00110687208379223,502
"MA0716.1",3.40990605208982,0.000649879319974525,"PRRX1",0.00110687208379223,503
"MA0717.1",3.40990605208982,0.000649879319974525,"RAX2",0.00110687208379223,504
"MA0720.1",3.40990605208982,0.000649879319974525,"Shox2",0.00110687208379223,505
"MA0814.2",3.43843062842932,0.000585117880830886,"TFAP2C(var.2)",0.0010151114862787,506
"MA0693.2",3.44714555118229,0.000566564695089394,"VDR",0.000985215064188083,507
"MA1560.1",3.45504571648946,0.000550220110526244,"SOHLH2",0.00095902851040322,508
"MA1144.1",3.48469163232403,0.000492723765483374,"FOSL2::JUND",0.000860824189814044,509
"MA0883.1",3.54354091143222,0.000394808368990575,"Dmbx1",0.000693722502657838,510
"MA0072.1",3.60355834430148,0.000313902729740562,"RORA(var.2)",0.000553596776327328,511
"MA0528.2",3.61624113940571,0.000298923395259098,"ZNF263",0.00052842856128741,512
"MA1558.1",3.62618068457147,0.000287655300774021,"SNAI1",0.000510930605660523,513
"MA0067.1",3.6350608638587,0.000277926093162307,"Pax2",0.000494827841286589,514
"MA0861.1",3.66213910154666,0.000250128204456063,"TP73",0.000446401053885701,515
"MA0802.1",3.67323465191302,0.00023950913232843,"TBR1",0.000428474371024002,516
"MA0513.1",3.67893983662717,0.000234214692409269,"SMAD2::SMAD3::SMAD4",0.000420010001291621,517
"MA1149.1",3.68816788055162,0.000225883518344185,"RARA::RXRG",0.000407026822910053,518
"MA0488.1",3.71319225890061,0.00020466941560663,"JUN",0.000370590737967344,519
"MA0071.1",3.74724527716775,0.000178794502520946,"RORA",0.000325318777757624,520
"MA0103.3",3.80795643021574,0.000140125591203168,"ZEB1",0.000258107879105095,521
"MA0689.1",3.81118578707559,0.000138307612751753,"TBX20",0.000255389799784177,522
"MA0601.1",3.82954728241807,0.000128384572438501,"Arid3b",0.000239437227597805,523
"MA0782.2",3.83929253914344,0.000123394385323588,"PKNOX1",0.00023128696344572,524
"MA0889.1",3.86361157810153,0.000111727888606462,"GBX1",0.000209947115618188,525
"MA0159.1",3.87840287872843,0.000105148833670515,"RARA::RXRA",0.000198083408884353,526
"MA1128.1",3.89745018644871,9.72149068356837e-05,"FOSL1::JUN",0.000184535166665191,527
"MA1556.1",4.00216474583851,6.27682408565272e-05,"RXRG(var.2)",0.000121308569116501,528
"MA1602.1",4.03058106633371,5.56416361816294e-05,"ZSCAN29",0.000108095470290353,529
"MA0490.2",4.03117023446833,5.55023079610336e-05,"JUNB",0.000108095470290353,530
"MA1640.1",4.0355568221596,5.44753184188249e-05,"MEIS2(var.2)",0.000106383737016868,531
"MA0483.1",4.04153137112852,5.31055553231962e-05,"Gfi1b",0.000103980956092138,532
"MA0099.3",4.058466642017,4.93981652935197e-05,"FOS::JUN",9.72322725830229e-05,533
"MA0025.2",4.07639769939602,4.57407588355183e-05,"NFIL3",9.027144468597e-05,534
"MA1594.1",4.08153038318002,4.47420969251376e-05,"ZNF382",8.85347594327656e-05,535
"MA0745.2",4.08264141149817,4.45286296514153e-05,"SNAI2",8.83466960637122e-05,536
"MA0803.1",4.1368604188312,3.52105885301443e-05,"TBX15",7.02328851430152e-05,537
"MA1620.1",4.15514479732295,3.25095918576099e-05,"Ptf1a(var.3)",6.50191837152199e-05,538
"MA0043.3",4.17484928176217,2.98196734771604e-05,"HLF",5.97996677794669e-05,539
"MA1597.1",4.207717938575,2.57973999889749e-05,"ZNF528",5.18729390613889e-05,540
"MA0828.1",4.21241518158758,2.52665741966327e-05,"SREBF2(var.2)",5.09428766234811e-05,541
"MA0800.1",4.24584605968285,2.17780178036653e-05,"EOMES",4.42681233829273e-05,542
"MA0713.1",4.25122300779323,2.12616333330248e-05,"PHOX2A",4.34552834696891e-05,543
"MA1109.1",4.25238751780616,2.11512964349482e-05,"NEUROD1",4.33485361001961e-05,544
"MA1153.1",4.30576234729806,1.66419287827155e-05,"Smad4",3.42007682421645e-05,545
"MA0805.1",4.33059320697819,1.487151856528e-05,"TBX1",3.07317253454263e-05,546
"MA0879.1",4.35610818986774,1.3240177645837e-05,"Dlx1",2.74365903438733e-05,547
"MA0523.1",4.37438892248308,1.21778731451529e-05,"TCF7L2",2.53762384533075e-05,548
"MA0515.1",4.41577304289612,1.00654324660012e-05,"Sox6",2.11515848440475e-05,549
"MA1559.1",4.41796565156177,9.96388849381342e-06,"SNAI3",2.09973469389401e-05,550
"MA0815.1",4.49357719545031,7.0039904753626e-06,"TFAP2C(var.3)",1.48859740587479e-05,551
"MA0820.1",4.54066192676615,5.60805983824243e-06,"FIGLA",1.19874287659853e-05,552
"MA0813.1",4.5408075291596,5.60418249545416e-06,"TFAP2B(var.3)",1.19874287659853e-05,553
"MA1134.1",4.57595978111978,4.74065180596527e-06,"FOS::JUNB",1.02211741250003e-05,554
"MA0896.1",4.58173741881935,4.6115196036587e-06,"Hmx1",1.00005628614226e-05,555
"MA0819.1",4.59786905931994,4.26855747555417e-06,"CLOCK",9.28380138998079e-06,556
"MA1141.1",4.6802969387996,2.86473937292388e-06,"FOS::JUND",6.24881746257665e-06,557
"MA1539.1",4.72885055881253,2.25805965559278e-06,"NR2F6(var.3)",4.9837648019888e-06,558
"MA1557.1",4.76291117631312,1.90830623495642e-06,"SMAD5",4.22432181387979e-06,559
"MA1105.2",4.77218044235947,1.8225133460928e-06,"GRHL2",4.04641356007509e-06,560
"MA0643.1",4.79886760338355,1.59573300765767e-06,"Esrrg",3.56412222668449e-06,561
"MA0866.1",4.83211423227462,1.35097853286783e-06,"SOX21",3.02651647303123e-06,562
"MA0155.1",4.87577910704151,1.08385300137807e-06,"INSM1",2.45016466372133e-06,563
"MA0494.1",4.8947571901726,9.8432217592184e-07,"Nr1h3::Rxra",2.23192809494739e-06,564
"MA0491.2",4.90464210304161,9.3602889956092e-07,"JUND",2.12889499717209e-06,565
"MA0090.3",4.98549123062274,6.18078009284941e-07,"TEAD1",1.43194470474089e-06,566
"MA0830.2",5.10508500963124,3.30663286338002e-07,"TCF4",7.85588572000475e-07,567
"MA0087.1",5.1098044082579,3.22510582647512e-07,"Sox5",7.68667395064039e-07,568
"MA0608.1",5.11852077417662,3.07957585615049e-07,"Creb3l2",7.36334483553932e-07,569
"MA0884.1",5.14582539931354,2.66362211820045e-07,"DUXA",6.3892672031432e-07,570
"MA1118.1",5.22027319513607,1.7866921237626e-07,"SIX1",4.31350266772459e-07,571
"MA1137.1",5.22683973259503,1.72441476216568e-07,"FOSL1::JUNB",4.17666692394674e-07,572
"MA0629.1",5.24369421336393,1.57402132106913e-07,"Rhox11",3.82482053914517e-07,573
"MA1645.1",5.25656198892607,1.46781435079005e-07,"NKX2-2",3.57839707741627e-07,574
"MA1142.1",5.29274883676017,1.20498182647952e-07,"FOSL1::JUND",2.95696198208461e-07,575
"MA0514.1",5.31587628295331,1.0615107175008e-07,"Sox3",2.62214236839603e-07,576
"MA1593.1",5.36292233566984,8.18907838991941e-08,"ZNF317",2.04316136417387e-07,577
"MA0744.2",5.43193195153652,5.57503635533866e-08,"SCRT2",1.41461806839546e-07,578
"MA1531.1",5.43847221709825,5.3742425633748e-08,"NR1D1",1.37300854530055e-07,579
"MA1566.1",5.51585437440325,3.47109670259632e-08,"TBX3",9.02243254403086e-08,580
"MA0706.1",5.5464837550045,2.91489464652447e-08,"MEOX2",7.62986458353421e-08,581
"MA0777.1",5.58318906073056,2.3616370951491e-08,"MYBL2",6.20345518655363e-08,582
"MA1604.1",5.58710158763406,2.30903954724351e-08,"Ebf2",6.08672615633803e-08,583
"MA0743.2",5.75378883522249,8.72704446847252e-09,"SCRT1",2.34186157319442e-08,584
"MA0592.3",5.76146542283024,8.33917204581668e-09,"ESRRA",2.25399360368813e-08,585
"MA0141.3",5.76394464142569,8.21753140105215e-09,"ESRRB",2.22919215461269e-08,586
"MA0644.1",5.77996289945809,7.4721699959864e-09,"ESX1",2.04184572051496e-08,587
"MA0702.2",5.78774738074512,7.13413329479491e-09,"LMX1A",1.95664096982243e-08,588
"MA1135.1",5.80912680471678,6.28033970905322e-09,"FOSB::JUNB",1.74168528734338e-08,589
"MA0073.1",5.81920503911462,5.91316713086521e-09,"RREB1",1.64597861180054e-08,590
"MA1630.1",5.83892574209197,5.25416092694524e-09,"Znf281",1.4735353577072e-08,591
"MA0620.3",5.89184840376519,3.81922474933824e-09,"MITF",1.08332382623815e-08,592
"MA1138.1",5.91269957084721,3.36567011944023e-09,"FOSL2::JUNB",9.69416953321394e-09,593
"MA1549.1",6.04041629370976,1.53727072147519e-09,"POU6F1(var.2)",4.4797029617988e-09,594
"MA0718.1",6.08017565579429,1.20058957082401e-09,"RAX",3.51231301895966e-09,595
"MA0149.1",6.10320224653036,1.03970604927868e-09,"EWSR1-FLI1",3.06569451684543e-09,596
"MA0691.1",6.21995898317239,4.97317526924052e-10,"TFAP4",1.48399550034137e-09,597
"MA1621.1",6.28261857397312,3.32938727207984e-10,"Rbpjl",1.0137644510088e-09,598
"MA1648.1",6.29452570733767,3.08361040181929e-10,"TCF12(var.2)",9.42775967113603e-10,599
"MA1538.1",6.38230922173432,1.74448985472881e-10,"NR2F1(var.3)",5.42245596511538e-10,600
"MA0442.2",6.43828355371727,1.2084011738768e-10,"SOX10",3.81977659200039e-10,601
"MA0768.1",6.5130201298006,7.36595898381813e-11,"LEF1",2.34829290680698e-10,602
"MA0801.1",6.56058790564365,5.3599695653479e-11,"MGA",1.72350745506445e-10,603
"MA0522.3",6.59452390021099,4.26651421697473e-11,"TCF3",1.38987755714548e-10,604
"MA1124.1",6.66177776442892,2.70553623417545e-11,"ZNF24",8.89132172112286e-11,605
"MA0683.1",6.67692957117945,2.44017027092915e-11,"POU4F2",8.09052009828065e-11,606
"MA0829.2",6.75380364842805,1.44028567761275e-11,"SREBF1(var.2)",4.79666569419247e-11,607
"MA0874.1",6.78178941070526,1.18705429531707e-11,"Arx",3.97104262020867e-11,608
"MA0833.2",6.78516676901536,1.15960889328587e-11,"ATF4",3.90524179560888e-11,609
"MA0892.1",6.79361797705734,1.09363831502209e-11,"GSX1",3.70842810457491e-11,610
"MA0499.2",6.85310920922282,7.22669499211996e-12,"MYOD1",2.46169610233858e-11,611
"MA0160.1",6.88670219935723,5.71046152984758e-12,"NR4A2",1.95413041342491e-11,612
"MA0626.1",6.95624992517817,3.49474792382793e-12,"Npas2",1.21259625636076e-11,613
"MA0858.1",6.98448755289217,2.85918087715921e-12,"Rarb(var.2)",1.00610798790603e-11,614
"MA0616.2",7.01652002574912,2.27478577393363e-12,"HES2",8.11957027442338e-12,615
"MA0891.1",7.03527438447643,1.98884790206538e-12,"GSC2",7.13307949490756e-12,616
"MA0068.2",7.0460295961028,1.84110464367072e-12,"PAX4",6.63509209747999e-12,617
"MA0705.1",7.0460295961028,1.84110464367072e-12,"Lhx8",6.63509209747999e-12,618
"MA1577.1",7.0460295961028,1.84110464367072e-12,"TLX2",6.63509209747999e-12,619
"MA0701.2",7.0460295961028,1.84110464367072e-12,"LHX9",6.63509209747999e-12,620
"MA0075.3",7.0460295961028,1.84110464367072e-12,"PRRX2",6.63509209747999e-12,621
"MA0104.4",7.05907140167366,1.67630986267531e-12,"MYCN",6.19072850275138e-12,622
"MA1146.1",7.09054110339466,1.33598594080486e-12,"NR1H4::RXRA",4.95843538229068e-12,623
"MA0674.1",7.18777494782643,6.58610984646932e-13,"NKX6-1",2.46896379169151e-12,624
"MA0675.1",7.18777494782643,6.58610984646932e-13,"NKX6-2",2.46896379169151e-12,625
"MA1519.1",7.18777494782643,6.58610984646932e-13,"LHX5",2.46896379169151e-12,626
"MA0476.1",7.20272345758818,5.90260101180318e-13,"FOS",2.24660222183937e-12,627
"MA1110.1",7.20715982085051,5.71353082663016e-13,"NR1H4",2.1857917931621e-12,628
"MA0753.2",7.23575564966324,4.62978016614125e-13,"ZNF740",1.78954197095408e-12,629
"MA0074.1",7.26107580847295,3.840524594157e-13,"RXRA::VDR",1.49220382668808e-12,630
"MA1636.1",7.28436824066169,3.2320612575326e-13,"CEBPG(var.2)",1.26236528697347e-12,631
"MA1471.1",7.34201385907143,2.10419512155802e-13,"BARX2",8.30544741101735e-13,632
"MA0821.1",7.49204457193668,6.78141267818148e-14,"HES5",2.69092226485286e-13,633
"MA0703.2",7.52013519663988,5.47239507015827e-14,"LMX1B",2.18310519911127e-13,634
"MA0258.2",7.57577488640083,3.57017908303466e-14,"ESR2",1.43191053545369e-13,635
"MA0595.1",7.66209575800485,1.82937626652421e-14,"SREBF1",7.45745734878173e-14,636
"MA0083.3",7.80586747074541,5.90988660364679e-15,"SRF",2.4768401159104e-14,637
"MA0622.1",7.88582651369963,3.12485701502347e-15,"Mlxip",1.34748169549567e-14,638
"MA0078.1",7.95874993737129,1.73800598985585e-15,"Sox17",7.58217817796762e-15,639
"MA1637.1",8.00409152384666,1.20361614468369e-15,"EBF3",5.34462883294067e-15,640
"MA0596.1",8.02669981075755,1.00138030245632e-15,"SREBF2",4.47323177025399e-15,641
"MA0661.1",8.04555784727893,8.58613054345251e-16,"MEOX1",3.85858637675637e-15,642
"MA0707.1",8.0582394684947,7.74075480904947e-16,"MNX1",3.49975944700055e-15,643
"MA1535.1",8.12796846668914,4.36580969924169e-16,"NR2C1",1.99809450038914e-15,644
"MA0822.1",8.27283833545899,1.30818056562978e-16,"HES7",6.09939188724885e-16,645
"MA0790.1",8.30443679252604,1.00302541733749e-16,"POU4F1",4.70601862474068e-16,646
"MA0119.1",8.36177806204873,6.17851954051792e-17,"NFIC::TLX1",2.93578062243718e-16,647
"MA0791.1",8.46297193032679,2.60670989097561e-17,"POU4F3",1.27098403834497e-16,648
"MA0662.1",8.4829053414167,2.19659552415515e-17,"MIXL1",1.0780659611972e-16,649
"MA0886.1",8.53014395717637,1.46180340527454e-17,"EMX2",7.31882778748194e-17,650
"MA0769.2",8.55100298216786,1.22034201764404e-17,"TCF7",6.15118341325982e-17,651
"MA0690.1",8.56949681708988,1.03947534550312e-17,"TBX21",5.27516059690699e-17,652
"MA1121.1",8.58045805278701,9.45043644095344e-18,"TEAD2",4.86208661031122e-17,653
"MA0823.1",8.66289140344064,4.59986957303819e-18,"HEY1",2.3829879871434e-17,654
"MA1463.1",8.68786763764471,3.69340334988093e-18,"ARGFX",1.92676846084698e-17,655
"MA0809.2",8.88048383880342,6.65761922859557e-19,"TEAD4",3.5223999606612e-18,656
"MA0147.3",8.96242087319224,3.17655578414572e-19,"MYC",1.70482778055591e-18,657
"MA0503.1",8.98983799459168,2.47617807709441e-19,"Nkx2-5(var.2)",1.33857162718292e-18,658
"MA0825.1",9.05745471730319,1.33542222128049e-19,"MNT",7.54715891723672e-19,659
"MA0464.2",9.05778248403468,1.33141588106304e-19,"BHLHE40",7.54715891723672e-19,660
"MA0478.1",9.10749551482341,8.43134779580373e-20,"FOSL2",4.87580267881363e-19,661
"MA0663.1",9.12163492078228,7.40062375209253e-20,"MLX",4.31317603051643e-19,662
"MA0903.1",9.23661442532556,2.54444342213231e-20,"HOXB3",1.51852383432856e-19,663
"MA1527.1",9.29280142901314,1.50293837146257e-20,"NFIC(var.2)",9.04187117025062e-20,664
"MA0664.1",9.46370369906224,2.97253006116297e-21,"MLXIPL",1.80285156555087e-20,665
"MA0618.1",9.51259529909347,1.85984017375376e-21,"LBX1",1.14664526414902e-20,666
"MA0835.2",9.64639236475809,5.09205316150142e-22,"BATF3",3.19216105754627e-21,667
"MA0793.1",9.69165172791412,3.2722712470063e-22,"POU6F2",2.06874097480229e-21,668
"MA0636.1",9.7584106400933,1.69811928645363e-22,"BHLHE41",1.08273246811488e-21,669
"MA1421.1",9.80111683159259,1.11358708341589e-22,"TCF7L1",7.16151693300218e-22,670
"MA0462.2",10.3971502535575,2.55486267053636e-25,"BATF::JUN",1.70172102876797e-24,671
"MA0857.1",10.4460473782529,1.52775947813269e-25,"Rarb",1.04560419329081e-24,672
"MA1536.1",10.4565569523007,1.3674895497421e-25,"NR2C2(var.2)",9.44580744544083e-25,673
"MA0135.1",10.485954595547,1.00239107797864e-25,"Lhx3",6.9886331231034e-25,674
"MA1634.1",10.5052116784217,8.17480306679757e-26,"BATF",5.80800294079142e-25,675
"MA0658.1",10.5436065725823,5.43794915126195e-26,"LHX6",3.90068275657828e-25,676
"MA0871.2",10.5518232424746,4.98260662758266e-26,"TFEC",3.6087616933754e-25,677
"MA0526.3",10.568719804133,4.16180358964191e-26,"USF2",3.04382889987536e-25,678
"MA1464.1",10.5785478361216,3.74760563729003e-26,"ARNT2",2.76803347071125e-25,679
"MA1147.1",10.7702845093116,4.75582501120925e-27,"NR4A2::RXRA",3.6575726374867e-26,680
"MA1530.1",10.8593181369678,1.80109465676441e-27,"NKX6-3",1.41433327783816e-26,681
"MA0058.3",10.9165817303351,9.60532911863949e-28,"MAX",7.70491991667211e-27,682
"MA0093.3",10.9204891535331,9.20090667121807e-28,"USF1",7.46073519209639e-27,683
"MA1493.1",11.0314650398785,2.69469775939026e-28,"HES6",2.23360503167237e-27,684
"MA0692.1",11.1791826376991,5.15684614477229e-29,"TFEB",4.32248002696643e-28,685
"MA0089.2",11.3325058578211,9.05861955488835e-30,"NFE2L1",7.67923884993944e-29,686
"MA0603.1",11.4075446380901,3.83443161619656e-30,"Arntl",3.28791492607199e-29,687
"MA0649.1",11.46599809564,1.95515323280514e-30,"HEY2",1.69598175775888e-29,688
"MA0059.1",11.6271875437462,2.99848765625866e-31,"MAX::MYC",2.66294260901067e-30,689
"MA1111.1",11.6590457120458,2.06366377610243e-31,"NR2F2",1.85481105659327e-30,690
"MA0670.1",11.8131412282484,3.33891116506839e-32,"NFIA",3.07509596190249e-31,691
"MA0671.1",11.8343554638187,2.59359061262324e-32,"NFIX",2.41852324627117e-31,692
"MA0739.1",11.8555335885671,2.01461223572057e-32,"Hic1",1.90240598461715e-31,693
"MA0489.1",11.9320353821006,8.05886979141064e-33,"JUN(var.2)",7.80768423947057e-32,694
"MA0831.2",11.9995356299528,3.57338296978205e-33,"TFE3",3.50755749402291e-32,695
"MA0621.1",12.0536938392204,1.85472053480943e-33,"mix-a",1.86975880941599e-32,696
"MA0004.1",12.1026897734678,1.02218831782943e-33,"Arnt",1.0445924453435e-32,697
"MA0710.1",12.3253888996861,6.61330347312478e-35,"NOTO",6.85211720965429e-34,698
"MA1534.1",12.3628075137615,4.15444033534468e-35,"NR1I3",4.42744641452447e-34,699
"MA1622.1",12.4378497586605,1.62849051589114e-35,"Smad2::Smad3",1.76065786210839e-34,700
"MA0495.3",12.5466545410694,4.14715006368473e-36,"MAFF",4.6175730559833e-35,701
"MA0859.1",12.6295611408038,1.45103685191372e-36,"Rarg",1.69136483051193e-35,702
"MA0853.1",12.8176564025256,1.30606192455972e-37,"Alx4",1.57148741245411e-36,703
"MA0628.1",12.8290687124742,1.12726201004861e-37,"POU6F1",1.3785859991742e-36,704
"MA0704.1",12.8318578251156,1.0874085858184e-37,"Lhx4",1.35201134170088e-36,705
"MA0721.1",12.8318578251156,1.0874085858184e-37,"UNCX",1.35201134170088e-36,706
"MA1528.1",12.8892758691579,5.1733878818328e-38,"NFIX(var.2)",6.65404717215046e-37,707
"MA0729.1",12.9932961188928,1.3356663930574e-38,"RARA",1.74808268284354e-37,708
"MA0808.1",13.2974357900478,2.39575595296523e-40,"TEAD3",3.30969248317048e-39,709
"MA1643.1",13.4175245547421,4.77458759388195e-41,"NFIB",6.84969681737679e-40,710
"MA0161.2",13.4960400126274,1.65032542078432e-41,"NFIC",2.51253625286756e-40,711
"MA0854.1",13.9822441058704,2.00107649881687e-44,"Alx1",3.24522406112475e-43,712
"MA0659.2",14.0153854641106,1.25532850400861e-44,"MAFG",2.0810556977565e-43,713
"MA1112.2",14.4994918162581,1.22067997221569e-47,"NR4A1",2.11773781226257e-46,714
"MA1541.1",14.6042125659095,2.64054049908457e-48,"NR6A1",4.69010288646925e-47,715
"MA1521.1",14.6824924686309,8.34777038946763e-49,"MAFA",1.51888700257143e-47,716
"MA0591.1",14.7076519908208,5.75790943170199e-49,"Bach1::Mafk",1.07385010901242e-47,717
"MA0154.4",14.8587246180527,6.10859881740536e-50,"EBF1",1.19921439941695e-48,718
"MA0017.2",14.9081262558421,2.91871202546828e-50,"NR2F1",5.88475451621442e-49,719
"MA1148.1",15.298253331065,7.85482729311051e-53,"PPARA::RXRA",1.62769476685012e-51,720
"MA0842.2",15.5339455663805,2.04439544413776e-54,"NRL",4.35748286093363e-53,721
"MA0150.2",15.6184260098712,5.45439791327932e-55,"Nfe2l2",1.1967590715607e-53,722
"MA0496.3",15.8557306684667,1.28346881290823e-56,"MAFK",2.90141737705921e-55,723
"MA0115.1",15.9740555575667,1.93798135740972e-57,"NR1H2::RXRA",4.51791903946142e-56,724
"MA1499.1",15.984157501888,1.64806673964091e-57,"HOXB4",3.96599286378103e-56,725
"MA1504.1",15.984157501888,1.64806673964091e-57,"HOXC4",3.96599286378103e-56,726
"MA0501.1",16.0737890758317,3.89594561226926e-58,"MAF::NFE2",1.03799122384031e-56,727
"MA1520.1",16.543068028923,1.79666552079781e-61,"MAF",5.58463532714653e-60,728
"MA1507.1",16.7954944820078,2.63346704294058e-63,"HOXD4",9.3550781620651e-62,729
"MA0117.2",16.8124268706609,1.97934909990835e-63,"Mafb",7.38297214265815e-62,730
"MA0728.1",17.6729973596466,6.77142098484778e-70,"Nr2f6(var.2)",2.97145885570379e-68,731
"MA0504.1",17.7365940216032,2.18840801715863e-70,"NR2C2",1.02034523800021e-68,732
"MA1633.1",18.0723196018142,5.26623025550879e-73,"BACH1",2.61907184707304e-71,733
"MA1574.1",18.4841857903549,2.76897587061377e-76,"THRB",1.47546857105562e-74,734
"MA0855.1",18.5402004996427,9.78743779307436e-77,"RXRB",5.61648353356421e-75,735
"MA0065.2",18.7197185115731,3.42017286513399e-78,"Pparg::Rxra",2.12620746449163e-76,736
"MA0153.2",18.9784732858879,2.57003476285079e-80,"HNF1B",1.74295084826062e-78,737
"MA1550.1",19.1409439927412,1.15186658992238e-81,"PPARD",8.59292476082094e-80,738
"MA1537.1",19.1905306360802,4.44167429044395e-82,"NR2F1(var.2)",3.68165446741243e-80,739
"MA0512.2",19.3219822093332,3.50981198987433e-83,"Rxra",3.27289968055781e-81,740
"MA0046.2",19.5572329368976,3.5805424249855e-85,"HNF1A",3.81583521291312e-83,741
"MA0856.1",19.5597822425649,3.40595160135288e-85,"RXRG",3.81583521291312e-83,742
"MA0677.1",20.4533611369801,5.60866526001028e-93,"Nr2f6",1.04601607099192e-90,743
"MA1494.1",20.4572333975253,5.18057694269416e-93,"HNF4A(var.2)",1.04601607099192e-90,744
"MA0484.2",21.6412620426048,7.34807205002709e-104,"HNF4G",2.7408308746601e-101,745
"MA0114.4",21.8454247035109,8.59414306793921e-106,"HNF4A",6.41123072868265e-103,746
